id;titular;contenido;url_imagen;origen;fecha
1;El Consejo confirma ajustes de horarios para mejorar la fluidez de la Madrugá 2026;El Consejo General de Hermandades y Cofradías de Sevilla ha confirmado una actualización de horarios y pasos de control para la Madrugá de 2026 con el objetivo de reducir los tiempos de espera en puntos sensibles del centro y mejorar la seguridad de la jornada. La medida se ha trabajado durante meses con representantes de las hermandades de la noche y con los servicios municipales de movilidad y emergencias, priorizando la continuidad de los cortejos y la protección del público. Según fuentes del propio Consejo, el operativo especial se apoyará en seguimiento en tiempo real y en una coordinación más estrecha con CECOP para reaccionar con rapidez ante cualquier incidencia.;https://imgs.search.brave.com/Qg4eH_hPTrDHdzHSsdJsxga55_avW3WPNGoaqS5veMI/rs:fit:500:0:1:0/g:ce/aHR0cHM6Ly9tYWNo/YmVsLmNvbS9mb3Rv/cy8yMDEzLzAzL05h/emFyZW5vcy1wYXNh/bmRvLXBvci1kZWxh/bnRlLWRlLWxhLUNh/dGVkcmFsLWRlLVNl/dmlsbGEtU2VtYW5h/LVNhbnRhLWVuLVNl/dmlsbGEtMjAxMi1s/YS1NYWRydWclQzMl/QTEuLUFuZGFsdWMl/QzMlQURhLUVzcGEl/QzMlQjFhLmpwZw;Diario de Sevilla;2026-03-10 09:20:00
2;Las reservas de sillas para la Carrera Oficial alcanzan cifras históricas en la primera semana;La demanda de sillas y palcos para la Carrera Oficial ha registrado un arranque histórico en la primera semana del periodo de renovaciones y nuevas adjudicaciones, impulsada por el buen comportamiento de la última edición y por el creciente interés de visitantes nacionales e internacionales. Fuentes del sector turístico señalan que la ocupación hotelera para los días centrales de Semana Santa avanza a un ritmo superior al de campañas anteriores, especialmente en establecimientos del Casco Antiguo y Triana. El Ayuntamiento y el Consejo han recordado a los usuarios que todas las gestiones deben hacerse por canales oficiales para evitar reventas irregulares y posibles fraudes.;https://imgs.search.brave.com/PbEHF8xeQppIXiToqWbJ2gqe8oP_83ippHaMi_f_xTg/rs:fit:860:0:0:0/g:ce/aHR0cHM6Ly9lc3Rh/dGljb3MtY2RuLnBy/ZW5zYWliZXJpY2Eu/ZXMvY2xpcC85OTdm/NWUxZC0yNjk0LTQy/NzEtYWJjYi01M2Iz/OGM5ZjYzMTJfYWx0/YS1saWJyZS1hc3Bl/Y3QtcmF0aW9fZGVm/YXVsdF8wLmpwZw;ABC de Sevilla;2026-03-12 11:05:00
3;La Hermandad de la Estrella ensaya un itinerario alternativo por obras en su entorno habitual;La Hermandad de la Estrella estudia y ensaya un recorrido alternativo para su salida procesional ante la presencia de obras de mejora urbana en varios tramos de su itinerario tradicional, una decisión que busca preservar tiempos de paso y seguridad sin perder la identidad del recorrido por Triana. Responsables de la corporación han mantenido reuniones técnicas con Urbanismo, Movilidad y Policía Local para validar radios de giro, anchuras de calles y puntos de mayor concentración de público. Aunque la propuesta todavía depende de la autorización definitiva, la hermandad insiste en que cualquier modificación se comunicará con antelación suficiente para facilitar la organización de nazarenos, diputados de tramo y dispositivos de apoyo.;https://imgs.search.brave.com/abJtaWa86ENKDXwC_-YPjz2fIRvDOSDNaK1Ds4XzFPI/rs:fit:860:0:0:0/g:ce/aHR0cHM6Ly9zMS5h/YmNzdGF0aWNzLmNv/bS9hYmMvd3d3L211/bHRpbWVkaWEvc2V2/aWxsYS8yMDI1LzA0/LzA4L2RvbmRldmVy/bGFlc3RyZWxsYS1r/Nm1ELS03NjB4NDI3/QGRpYXJpb19hYmMu/anBn;El Correo de Andalucía;2026-03-14 18:40:00
4;Meteorología apunta a estabilidad en los primeros días y riesgo de chubascos al final de la semana;Los modelos meteorológicos de medio plazo dibujan un inicio de Semana Santa con temperaturas suaves, viento moderado y baja probabilidad de lluvia, mientras que a partir del Jueves Santo aumenta la incertidumbre por la posible entrada de frentes atlánticos. Especialistas recomiendan seguir la actualización diaria de predicciones, ya que pequeños cambios en la trayectoria de las borrascas pueden alterar de forma significativa los tramos horarios de mayor riesgo. Hermandades y equipos de capataces consultados destacan que, con la información disponible hoy, los planes de salida se mantienen, aunque se preparan protocolos de decisión rápida para evitar situaciones comprometidas en la calle.;https://imgs.search.brave.com/OPiwspmpn2JA7ENKXpEalDgnjIg9fezPfFKgZYL940w/rs:fit:860:0:0:0/g:ce/aHR0cHM6Ly9tYWRy/aWRpbmZvcm1hLmVs/ZGlhcmlvLmVzL3dw/LWNvbnRlbnQvdXBs/b2Fkcy8yMDI2LzAz/L3NlbWFuYS1zYW50/YS1tYWRyaWQtbGx1/dmlhLXRvcm1lbnRh/cy1qdWV2ZXMtc2Fu/dG8tMjAyNi5qcGc;Canal Sur;2026-03-16 07:55:00
5;Finaliza la restauración de elementos estructurales del paso del Gran Poder tras ocho meses de trabajo;El taller responsable de la intervención sobre el paso del Gran Poder ha dado por concluidos los trabajos de consolidación estructural, limpieza de dorados y ajuste de anclajes tras un proceso técnico que se ha prolongado durante ocho meses. La hermandad subraya que la actuación se ha realizado con criterios de conservación preventiva y bajo supervisión especializada para garantizar la estabilidad del conjunto en futuras estaciones de penitencia. La corporación ha anunciado una presentación pública para explicar el alcance de la restauración, los materiales empleados y las mejoras introducidas en materia de mantenimiento ordinario.;https://imgs.search.brave.com/0d-fcKY8yD5DhIiN1J3xRf333WbarirNFCRwAbILqQA/rs:fit:860:0:0:0/g:ce/aHR0cHM6Ly9zdGF0/aWMuZ3J1cG9qb2x5/LmNvbS9jbGlwL2Fk/NjY2YjhhLWMyMGMt/NDBiOC1iZTY2LTI1/OTAxMDJkMmFjOF9z/b3VyY2UtYXNwZWN0/LXJhdGlvXzE2MDB3/XzAuanBn;Diario de Sevilla;2026-03-18 13:10:00
6;Sevilla refuerza limpieza, movilidad y transporte público para los días grandes de Semana Santa;El Ayuntamiento de Sevilla ha presentado un plan extraordinario que incrementa turnos de limpieza, frecuencias de transporte público y controles de acceso en los puntos de mayor afluencia durante los días grandes de la Semana Santa. El dispositivo contempla refuerzos en líneas de autobús hacia el centro, ampliación de horarios en servicios clave y una coordinación operativa permanente entre Movilidad, Lipasam, Protección Civil y Policía Local. Desde el consistorio se insiste en la necesidad de planificar desplazamientos con antelación y consultar los cortes de tráfico previstos, especialmente en la franja de tarde noche cuando coinciden varias cofradías en itinerarios cercanos.;https://imgs.search.brave.com/O4Hvsq8lLLSxcaRRSM_QkPPKz-ZiPsQENSXtQlWXxWo/rs:fit:860:0:0:0/g:ce/aHR0cHM6Ly93d3cu/bGlwYXNhbS5lcy9u/b3RpY2lhcy9lbC1k/aXNwb3NpdGl2by1k/ZS1saW1waWV6YS1k/ZS1saXBhc2FtLXBh/cmEtZXN0YS1zZW1h/bmEtc2FudGEtc3Vw/ZXJhLWxvcy04MDAt/b3BlcmFyaW9zLXRy/YXMtcmVmb3J6YXJz/ZS1zdS1wbGFudGls/bGEtY29uLTM2My1j/b250cmF0YWNpb25l/cy15LWRlc3RpbmEt/dW5hLWZsb3RhLWRl/LTI5NS12ZWhpY3Vs/b3MvQEBpbWFnZXMv/MzFmNzhlMDktMjAy/Mi00YmQ5LTg0YTYt/YzkxNGU5NTJiMDlk/LmpwZWc;Europa Press Andalucía;2026-03-20 17:25:00
7;Las bandas ajustan repertorios con mayor presencia de marchas clásicas para 2026;Direcciones musicales y juntas de gobierno de varias hermandades han avanzado que la temporada de 2026 apostará por repertorios con mayor peso de marchas clásicas y una selección más cuidada según el tramo del recorrido y el perfil de cada paso. En los últimos ensayos generales se han revisado tempos, dinámicas y acentos para mejorar la regularidad de las chicotás y reforzar la conexión entre cuadrillas y formaciones musicales. Expertos en patrimonio sonoro cofrade valoran positivamente esta tendencia, al considerar que ayuda a conservar el estilo propio de Sevilla sin renunciar a composiciones contemporáneas de calidad.;https://imgs.search.brave.com/oLAg0uRFjjVZp-JOUy5pm9g3QAcVICDBvem1GwIFUCU/rs:fit:860:0:0:0/g:ce/aHR0cHM6Ly9zdGF0/aWMuZ3J1cG9qb2x5/LmNvbS9jbGlwLzQ2/OTg0MGFkLTI5ZTYt/NGUyNi05NjdiLWZm/NmI3OWU5YTAzY19z/b3VyY2UtYXNwZWN0/LXJhdGlvXzE2MDB3/XzAuanBn;ABC de Sevilla;2026-03-22 20:15:00
8;El sector hotelero prevé ocupación superior al 85 por ciento en el tramo central de la Semana Santa;Asociaciones hoteleras de la ciudad estiman una ocupación superior al 85 por ciento para el tramo central de la Semana Santa, con especial demanda en establecimientos de cuatro estrellas y apartamentos turísticos en zonas próximas a la Carrera Oficial. Operadores consultados explican que el visitante actual reserva con más antelación y busca experiencias complementarias como rutas patrimoniales, gastronomía local y propuestas culturales vinculadas a la cuaresma y la pasión sevillana. El sector confía en que la campaña consolide la recuperación de gasto medio por visitante, aunque reclama mantener el equilibrio entre actividad económica, descanso vecinal y protección del patrimonio urbano.;https://imgs.search.brave.com/n4h1_Flpkx59_5VXZMgmL7PhP4uTEANNiIw-eRr5FIQ/rs:fit:860:0:0:0/g:ce/aHR0cHM6Ly9jZG4u/dm96cG9wdWxpLmNv/bS9jZG4vcG9zdHMv/NDA5ODM1Mi9hcnRp/Y3Vsb3MtMjgyMTk2/OC0xMjAweDcwMC5q/cGc;Hosteltur;2026-03-24 10:35:00
9;Los abonados de palcos piden más digitalización en el proceso de renovación anual;Asociaciones de abonados de palcos y sillas han solicitado al Consejo una mayor digitalización del sistema de renovaciones para reducir incidencias y acortar los plazos de confirmación de plazas. Entre las propuestas planteadas destacan la trazabilidad de pagos en tiempo real, avisos automáticos por correo y una pasarela única para cambios de titularidad autorizados. Fuentes del Consejo reconocen que la mejora tecnológica es una prioridad para próximos ejercicios y señalan que ya se están evaluando ajustes de seguridad y usabilidad para que el procedimiento resulte más transparente y accesible para personas de distintas edades.;https://imgs.search.brave.com/kl7ZknqzFzm2UZCUvxmDw79l28hpdmetNou_AKnBzK8/rs:fit:860:0:0:0/g:ce/aHR0cHM6Ly9zdGF0/aWMuZ3J1cG9qb2x5/LmNvbS9jbGlwL2M2/MjUxMzRjLTFkZDkt/NDdiNS04MDg3LTgw/MDhiNTgyYjYxY19z/b3VyY2UtYXNwZWN0/LXJhdGlvXzE2MDB3/XzAuanBn;El Correo de Andalucía;2026-03-25 09:10:00
10;Triana prepara un plan especial de accesos ante el aumento de visitantes en vísperas;El distrito Triana y los servicios municipales han diseñado un plan especial de accesos peatonales para las jornadas de mayor afluencia, con señalética reforzada y puntos informativos en enclaves estratégicos. El objetivo es ordenar los flujos de público en las horas previas a las salidas procesionales y minimizar cuellos de botella en calles estrechas donde confluyen residentes y visitantes. Las autoridades recomiendan utilizar transporte público y respetar los pasillos de evacuación previstos, mientras que comerciantes de la zona valoran positivamente la medida al considerar que mejora la convivencia y facilita la actividad económica durante una de las semanas más intensas del calendario sevillano.;https://imgs.search.brave.com/GLcFWje8AKb0fKn1FLiTie0Mok0u17EFPUopLgrcwgE/rs:fit:860:0:0:0/g:ce/aHR0cHM6Ly9zMS5h/YmNzdGF0aWNzLmNv/bS9hYmMvd3d3L211/bHRpbWVkaWEvc2V2/aWxsYS8yMDI1LzA0/LzE4L2VzcGVyYW56/YS10cmlhbmEtcHVl/bnRlLmpwZz93aWR0/aD0xMTA2;Europa Press Andalucía;2026-03-26 12:20:00
11;Las hermandades intensifican ensayos de costaleros con protocolos de prevención por calor;Con la previsión de temperaturas por encima de la media en varios días de la Cuaresma, numerosas hermandades han intensificado los ensayos de costaleros incorporando protocolos específicos de hidratación, pausas y control de síntomas. Equipos de capataces y auxiliares sanitarios insisten en la importancia de una preparación física gradual para evitar sobrecargas en las semanas previas a la estación de penitencia. También se están revisando horarios de ensayo para esquivar las franjas de mayor insolación y mejorar el rendimiento de las cuadrillas, una medida que ha sido bien recibida por los propios costaleros y por especialistas en medicina deportiva consultados por este medio.;https://imgs.search.brave.com/ywv6be19fPX_-WZmxwx2wgo7cnB9sORiumyRx-Vz_Ps/rs:fit:860:0:0:0/g:ce/aHR0cHM6Ly9zMS5h/YmNzdGF0aWNzLmNv/bS9hYmMvd3d3L211/bHRpbWVkaWEvc2V2/aWxsYS8yMDI0LzAy/LzI2L2Vuc2F5b3Mt/Y29zdGFsZXJvcy1S/MGQ4SUg2SnMyVE9h/VW9NbHdWaTI0TS0x/MjAweDg0MEBkaWFy/aW9fYWJjLmpwZw;ABC de Sevilla;2026-03-27 19:05:00
12;El Arzobispado anima a vivir una Semana Santa con mayor participación en cultos y acción social;El Arzobispado de Sevilla ha hecho un llamamiento a reforzar la dimensión pastoral de la Semana Santa, invitando a cofrades y fieles a participar en los cultos internos y en iniciativas de acción social promovidas por las hermandades. El comunicado subraya que la proyección pública de las cofradías debe ir acompañada de compromiso con los barrios, especialmente en programas de apoyo a familias vulnerables y acompañamiento a mayores. Distintas corporaciones han anunciado campañas de recogida de alimentos, colaboración con entidades benéficas y proyectos de inserción, en línea con una visión integral de la vida hermandadera más allá de la salida procesional.;https://imgs.search.brave.com/5-NTHM2lfStyi0OS72RwGd0x2ofOf1H-Ei20PnPw2HA/rs:fit:860:0:0:0/g:ce/aHR0cHM6Ly93d3cu/YXJjaGlzZXZpbGxh/Lm9yZy93cC1jb250/ZW50L3VwbG9hZHMv/MjAxNS8wMy8wMjEx/Ny03OTZ4NDQ4Lmpw/Zw;Archidiócesis de Sevilla;2026-03-28 08:30:00
13;Se refuerza la cobertura sanitaria con equipos móviles en los principales puntos de concentración;La planificación sanitaria para la Semana Santa de Sevilla incorporará este año equipos móviles de intervención rápida en zonas de alta densidad de público, con especial atención a la franja nocturna y a los itinerarios de mayor complejidad. El dispositivo, coordinado con emergencias y protección civil, incluye personal médico, recursos de soporte vital básico y protocolos de derivación para reducir tiempos de respuesta. Las autoridades recuerdan la importancia de seguir recomendaciones básicas como la hidratación, el uso de ropa adecuada y la localización previa de rutas de salida, especialmente para familias con menores y personas de edad avanzada.;https://imgs.search.brave.com/zn4KgK7XWlBHCDkBVd7KzoA-HVhMcQ76KPO0czsmX1M/rs:fit:860:0:0:0/g:ce/aHR0cHM6Ly9zdGF0/aWMuZ3J1cG9qb2x5/LmNvbS9jbGlwL2Jj/YmEyYmZjLTg0NTEt/NDJmMy05N2Y0LTc2/ODFhNzgwNjY3Zl9z/b3VyY2UtYXNwZWN0/LXJhdGlvXzE2MDB3/XzAuanBn;Canal Sur;2026-03-29 16:45:00
14;Los talleres de bordado trabajan a pleno ritmo en estrenos previstos para varios palios;Varios talleres de bordado de Sevilla afrontan las últimas semanas de trabajo antes de Semana Santa para culminar piezas que se estrenarán en palios y enseres de distintas hermandades. Maestros artesanos consultados explican que la carga de encargos se ha incrementado en los últimos años por el interés en recuperar diseños históricos y por la apuesta de muchas corporaciones por intervenciones de alta calidad técnica. Además de los estrenos, los talleres están dedicando una parte creciente de su actividad a labores de conservación y restauración, una línea que consideran clave para preservar el patrimonio textil cofrade a medio y largo plazo.;https://imgs.search.brave.com/PFkVyqSemeS-kHhdM-eP7mwZrN3eIwfdwZ0gATGMlu4/rs:fit:860:0:0:0/g:ce/aHR0cHM6Ly9zMS5h/YmNzdGF0aWNzLmNv/bS9hYmMvc2V2aWxs/YS9tZWRpYS9wYXNp/b25lbnNldmlsbGEv/MjAxNC8wNy9wYWxl/dGVpcm8tYm9yZGFk/b3IuanBn;Diario de Sevilla;2026-03-30 10:15:00
15;Movilidad recomienda rutas peatonales alternativas para reducir saturación en el casco histórico;El área de Movilidad del Ayuntamiento ha difundido una batería de rutas peatonales recomendadas para disminuir la saturación en calles del casco histórico durante los días de mayor tránsito procesional. El plan identifica corredores de paso más fluidos y zonas de observación seguras para evitar aglomeraciones en cruces críticos, especialmente en las horas de tarde y noche. Técnicos municipales destacan que la colaboración ciudadana será determinante para mejorar la experiencia general, y piden atender a las indicaciones de agentes y voluntarios en los momentos de mayor afluencia.;https://imgs.search.brave.com/fEqLQi-JB-KDREzGj9R_0X3vXZA6b-0XafKZfanujOA/rs:fit:860:0:0:0/g:ce/aHR0cHM6Ly9pbWFn/ZW5lcy5lbGRlYmF0/ZS5jb20vZmlsZXMv/dmVydGljYWxfY29t/cG9zdGVfaW1hZ2Uv/dXBsb2Fkcy8yMDI2/LzAzLzI3LzY5YzYz/Zjk2MjBkYTMuanBl/Zw;Ayuntamiento de Sevilla;2026-03-31 14:50:00
16;El comercio local prevé una campaña sólida impulsada por turismo nacional y gasto en restauración;Organizaciones empresariales de Sevilla prevén una campaña de Semana Santa sólida para el comercio local, con especial dinamismo en hostelería, moda y venta de recuerdos vinculados a la tradición cofrade. Los primeros indicadores apuntan a un incremento del consumo en restauración durante fines de semana previos y una mayor reserva de mesas en zonas próximas a los principales itinerarios. Aunque el balance definitivo dependerá de la meteorología, los empresarios confían en mantener una evolución positiva y en consolidar la recuperación del tejido comercial tras varias campañas condicionadas por factores externos.;https://imgs.search.brave.com/VSU8E-T0b79d-NXx56g0f0pULvRt6pXNQy37oS6En1g/rs:fit:860:0:0:0/g:ce/aHR0cHM6Ly9jb2Zy/YWRpYXN3ZWIud29y/ZHByZXNzLmNvbS93/cC1jb250ZW50L3Vw/bG9hZHMvMjAyMC8x/MS90dXJpc21vLXNl/bWFuYS1zYW50YS1r/OHdiLTYyMHgzNDk0/MGFiYy5qcGc_dz02/MjA;Hosteltur;2026-04-01 13:25:00
17;Nuevas guías para visitantes explican horarios, recorridos y normas de convivencia en la vía pública;Entidades turísticas y administraciones han presentado nuevas guías informativas para visitantes con mapas de recorridos, franjas orientativas de paso y recomendaciones de convivencia en espacios de alta concentración. El material se distribuirá en formato digital y en puntos físicos de información para facilitar una experiencia más ordenada y respetuosa con los residentes. Entre las pautas destacadas figuran mantener despejadas las zonas de seguridad, evitar el uso de mobiliario no autorizado y planificar desplazamientos con margen suficiente, especialmente en jornadas con varias cofradías coincidiendo en el centro.;https://imgs.search.brave.com/ETeWUn-q7cZGo_wEIQIXb3NE3wuZ9dGS3dwyw5K-guI/rs:fit:860:0:0:0/g:ce/aHR0cHM6Ly9zdGF0/aWMuZ3J1cG9qb2x5/LmNvbS9jbGlwLzRl/MGRhNWQ2LTNiNjEt/NDhmZi05ZDgwLTA3/NmUyM2Y1MDc2NV8x/Ni05LWFzcGVjdC1y/YXRpb18xNjAwd18w/LmpwZw;Turismo de Sevilla;2026-04-02 09:40:00
18;El pregón de 2026 reivindica la memoria de los barrios y el papel social de las hermandades;El pregón de la Semana Santa de Sevilla 2026 ha puesto el foco en la memoria de los barrios, en la transmisión intergeneracional de la tradición y en el papel social que desempeñan las hermandades durante todo el año. El discurso, seguido por una amplia representación institucional y cofrade, combinó referencias históricas con una lectura actual de los desafíos de la ciudad, desde la convivencia en el espacio público hasta la atención a quienes atraviesan situaciones de vulnerabilidad. La intervención ha sido valorada por analistas y público como una llamada a equilibrar emoción, patrimonio y responsabilidad cívica en una celebración de alcance internacional.;https://imgs.search.brave.com/Chg_dZX8TaWdo9fH0es4YAYr1XWtY8WffOOMmE6w2x0/rs:fit:860:0:0:0/g:ce/aHR0cHM6Ly93d3cu/ZWxwZXNwdW50ZS5l/cy9hc3NldC96b29t/Y3JvcCwxMjgwLDcy/MCxjZW50ZXIsY2Vu/dGVyL21lZGlhL2Vs/cGVzcHVudGUvaW1h/Z2VzLzIwMjYvMDMv/MjIvMjAyNjAzMjIy/MzQ1NTg5NjExMi5q/cGc;ABC de Sevilla;2026-04-03 21:10:00
19;Las radios locales amplían programación especial con conexiones en directo desde los templos;Emisoras locales de Sevilla han anunciado una programación especial de Semana Santa con conexiones en directo desde templos, análisis de itinerarios y espacios divulgativos sobre música procesional y patrimonio artístico. La cobertura, que se reforzará durante toda la semana, incluirá también boletines de servicio para informar sobre movilidad, incidencias y cambios de última hora en los recorridos. Profesionales del sector destacan que el formato de radio de proximidad mantiene una alta utilidad para residentes y visitantes, al ofrecer contexto inmediato y seguimiento continuo en una ciudad con movimientos constantes durante estas fechas.;https://imgs.search.brave.com/OwSddHJjk8gdNolHc0TuIxcZvvWSOiiyszjvJ1Q2lP8/rs:fit:860:0:0:0/g:ce/aHR0cHM6Ly93d3cu/Y2FuYWxzdXIuZXMv/cmVzb3VyY2VzL2Fy/Y2hpdm9zX29mZmxp/bmUvMjAyMy80LzEv/MTY4MDM1MjU4MDA1/M0NhbmFsX1N1cl9S/YWRpb19TU2FudGEu/anBn;Canal Sur Sevilla;2026-04-04 07:35:00
20;Cierra la Cuaresma con alta participación en besamanos y conciertos de marchas procesionales;La ciudad cierra la Cuaresma con un notable aumento de participación en besamanos, vía crucis y conciertos de marchas procesionales celebrados en parroquias, teatros y espacios culturales. Hermandades y organizadores destacan la diversidad de perfiles asistentes, con presencia creciente de público joven y de visitantes atraídos por la oferta cultural previa a los días grandes. El balance general confirma una intensa actividad preparatoria y un clima de expectación que, según expertos en cultura popular, refuerza el papel de la Semana Santa como fenómeno religioso, patrimonial y social de primer orden en Sevilla.;https://imgs.search.brave.com/pLgCUlOftlz0hD0Wn4TEub5suzl_dMMMh-ZFB5xlKYg/rs:fit:860:0:0:0/g:ce/aHR0cHM6Ly9zMS5h/YmNzdGF0aWNzLmNv/bS9hYmMvd3d3L211/bHRpbWVkaWEvc2V2/aWxsYS8yMDI2LzAz/LzI3L2Jlc2FtYW5v/cy1ncmFuLXBvZGVy/LXNhYmFkbyg2KV94/b3B0aW1pemFkYXgt/LTc1OHg1MzEuanBn;Diario de Sevilla;2026-04-05 22:00:00
